{"strategy": "tfidf", "embedding_model": "yiyanghkust/finbert-tone", "chunk_size": 512, "chunk_overlap": 0, "num_chunks": 76, "processing_metrics": {"extraction_time": 4.548449754714966, "chunking_time": 62.82874774932861, "embedding_time": 2.7251477241516113}, "date_processed": "2025-04-01 17:21:31", "total_processing_time": 70.11334252357483}